"supplier_name","avg_defect_rates"
"Supplier 4","2.3388888888888889"
"Supplier 3","2.4660000000000000"
"Supplier 2","2.3618181818181818"
"Supplier 5","2.6650000000000000"
"Supplier 1","1.8033333333333333"
