"inspection_results","avg_defect_rates","total_defects_count","percentage_defective_products"
"Pass","2.0386956521739130","23","203.8695652173913000"
"Pending","2.1539024390243902","41","215.3902439024390200"
"Fail","2.5697222222222222","36","256.9722222222222200"
