"product_type","avg_stock_levels"
"skincare","40.2000000000000000"
"cosmetics","58.6538461538461538"
"haircare","48.3529411764705882"
